rec,_RAJ2000,_DEJ2000
17,114.9245,45.9126111
19,115.055125,29.9148889
20,115.0755,28.4643056
30,115.95975,49.6141944
31,116.0979583,44.52775
33,116.2802083,46.0724167
36,116.6372083,31.0226944
37,116.9989167,19.0945278
42,117.1842917,52.2249167
43,117.2011667,29.8358611
47,117.5000833,30.0249444
48,117.5895,33.8849444
51,117.73425,48.3127778
63,118.153625,52.4061389
67,118.2872083,50.1306667
68,118.3239583,27.4607222
69,118.5525417,52.4679444
70,118.6036667,39.3715278
80,119.4342917,40.0221944
82,119.7100833,36.7957778
85,119.9171667,15.3868056
86,119.9737083,55.3748611
88,120.0502917,55.3699444
95,120.4755,9.6258611
98,120.7864167,24.6564167
99,120.9966667,23.7556944
100,120.9977083,24.0424167
102,121.054875,55.3976944
103,121.0964167,43.5825833
105,121.218875,42.6045833
106,121.2315,56.4791944
107,121.272375,40.1745556
110,121.3671667,35.9466944
119,122.0845,39.0236389
121,122.1276667,19.2085
122,122.13625,46.5979722
127,122.3730417,34.5946944
129,122.5282917,5.2649722
131,122.709125,48.2923333
139,123.2107083,57.9215278
140,123.2140833,46.1992778
143,123.3575,25.1269722
147,123.5711667,46.0103333
149,123.6865417,58.2798611
152,123.806875,46.7204167
155,123.959125,47.95275
156,124.0200417,23.1340278
158,124.0620417,57.7093333
159,124.0924167,45.791
167,124.4714167,40.7264167
169,124.6814167,47.0491667
171,124.8547083,55.0972222
174,125.0450833,21.0689722
177,125.1767083,54.1265556
183,125.352625,19.1477778
184,125.414375,59.415
185,125.567625,21.0925556
193,125.9084583,47.9409722
195,125.9803333,20.9754722
196,126.084375,20.53325
201,126.293125,18.5826389
204,126.4568333,8.9277778
208,126.6499167,22.9509167
211,126.7748333,21.6452778
214,126.9100833,10.4970556
223,127.257375,47.8005556
224,127.2920417,30.3849444
232,127.5590417,47.5816667
234,127.7682917,39.62275
239,127.979125,4.2337778
242,128.0851667,41.3589167
243,128.1120417,41.9920278
244,128.1395,43.9792222
245,128.2827917,50.1667778
247,128.3429167,53.8322778
254,128.9020417,49.5951944
255,128.911625,4.7570278
260,129.1285417,4.0376667
263,129.312125,4.6958889
264,129.3607917,40.0356111
266,129.5501667,54.759
269,129.827625,30.1020278
270,129.9320833,53.0138056
273,130.1216667,29.4446667
277,130.3479167,36.3862778
278,130.3529167,12.088
282,130.598375,41.9090278
285,130.897875,41.3083611
286,130.900375,34.5202778
287,130.92375,54.0263056
292,131.2750417,44.6065833
294,131.4077083,36.9346667
297,131.5789167,28.5601111
300,131.78625,19.6310556
302,131.8276667,2.76225
306,131.9825417,25.8316667
307,131.996,39.5380833
310,132.1429167,12.8204167
311,132.1675833,1.0387778
316,132.2630833,1.5384444
321,132.6795,1.3506944
323,132.7358333,36.3353889
332,133.162625,53.4780833
333,133.4525833,57.1718056
336,133.4642917,29.9511111
338,133.55575,6.9731667
339,133.5988333,39.2508333
341,133.632625,36.5096111
343,133.6696667,42.5263889
353,134.0080417,57.3909722
358,134.2533333,0.5055278
361,134.5450417,52.1828056
364,134.6289167,29.8492778
365,134.6377083,37.0865278
370,134.9453333,-0.0056111
371,134.954375,5.0608611
380,135.372125,14.4740556
382,135.6058333,55.60925
384,135.7144167,1.6811111
387,135.8040417,9.619
389,135.9162917,3.3697778
390,136.0154583,3.5847222
391,136.08175,17.29225
394,136.207625,8.0375
399,136.4764167,25.3889444
400,136.50625,12.9880556
401,136.5207917,51.7353056
402,136.5722917,50.0892778
408,137.0001667,31.6682222
412,137.1185,28.9110556
413,137.1906667,55.5058333
414,137.1980833,29.8647778
415,137.2371667,52.2634167
416,137.26975,20.0973056
421,137.5120833,22.8517778
441,138.2119167,30.2122778
445,138.5531667,16.7423333
446,138.5544167,43.135
447,138.5737083,22.2754167
449,138.697,11.90425
451,138.8129583,17.7689722
453,138.8355417,43.0151111
454,138.8581667,55.0596389
460,139.003625,34.0085278
462,139.2507083,29.3508889
463,139.264125,52.6260833
466,139.4240833,26.9287222
468,139.4842917,34.5093056
469,139.4959583,20.4630278
470,139.5101667,20.2984167
473,139.5791667,33.5569722
479,139.793625,49.8914444
487,140.33675,52.4286667
496,140.827875,1.5831111
497,140.8427917,22.63025
499,140.9072917,40.0749722
500,140.9539167,24.8147778
501,141.057375,51.5080278
505,141.090625,40.6243611
513,141.6405,21.3850278
520,141.8479167,30.4408056
522,141.976375,29.7918611
526,142.1698333,12.6173056
527,142.184,13.8210556
531,142.4215417,2.2055556
532,142.4482083,35.531
536,142.4701667,14.4516944
537,142.51775,8.7828889
540,142.7224583,25.7494444
541,142.7781667,49.07975
543,142.7962083,52.63525
546,142.9020417,6.9523889
548,142.9325,33.5962222
551,143.1537083,41.7719444
557,143.383375,14.5845556
566,144.1291667,27.2077222
567,144.1860833,35.0250556
568,144.2440833,14.7050556
571,144.3365833,38.8931111
576,144.6399167,44.6267222
580,145.1251667,40.0876944
584,145.352625,27.89525
585,145.4562917,25.0635833
593,145.74425,25.9850556
594,145.8141667,35.1605278
600,146.3032083,27.252
602,146.5014583,22.3801944
605,146.7142083,-1.0412778
609,146.8779167,49.9244167
611,146.9387917,9.1398056
614,147.1393333,47.3676389
615,147.1962917,1.0532222
616,147.39275,44.1026944
619,147.539,33.5693333
621,147.6461667,4.7731389
623,147.7078333,17.1384167
628,148.003,4.15075
632,148.1154583,39.9904444
633,148.1318333,48.8343889
635,148.2857917,24.2991111
640,148.655125,6.6220833
642,148.7015,37.6869444
646,148.9072917,12.3123611
654,149.149125,1.4285556
656,149.3557917,38.5385
659,149.5144167,36.6153611
661,149.545,34.0035556
662,149.5707917,68.1024444
677,150.298375,0.2256944
680,150.4788333,53.2601111
681,150.5293333,3.0576944
685,150.8471667,48.3658333
686,150.8700833,46.6283333
688,150.942,16.9200833
689,150.994625,29.4700278
694,151.170125,0.3698889
695,151.2209167,44.6361389
703,151.4005417,14.5602778
710,151.71875,14.0786389
714,151.88425,14.6085833
718,152.0574167,12.4859444
719,152.1135,14.5515556
721,152.1875833,12.6879444
725,152.297,22.89175
728,152.3390833,14.1378056
731,152.463375,3.5473611
733,152.559625,53.1769722
742,152.9399167,55.3991667
747,153.2073333,30.5834167
749,153.3596667,38.6576667
750,153.3712083,38.6198333
753,153.503125,14.4996944
759,153.75975,14.6058333
767,154.0244583,38.1092222
772,154.1386667,22.0911111
774,154.4081667,6.9711111
782,154.788,48.7502222
786,154.95225,38.1018611
789,155.100625,21.3562778
790,155.1719167,13.9677222
791,155.195,46.7711667
797,155.3855417,47.9867778
799,155.4706667,13.9378333
800,155.5386667,24.2417778
802,155.584375,24.41075
804,155.6299583,4.5824167
817,155.8975,20.2849167
818,155.9637917,46.8456389
830,156.4304167,39.6463889
831,156.4821667,2.0043889
834,156.6284167,30.4510556
835,156.6289583,12.5332778
837,156.7111667,11.6660278
841,156.886125,16.9526389
842,156.8939167,19.4514167
847,157.1974583,8.8435556
851,157.4323333,22.1755556
853,157.547625,47.1546667
854,157.5830833,8.0610833
855,157.5873333,15.1921389
866,157.9652917,7.9695556
875,158.2515,42.9284167
879,158.3508333,50.6963056
881,158.3942917,11.907
891,158.7459583,32.47875
893,158.7892083,25.0380833
898,159.0489583,23.1734722
908,159.252875,28.8322222
910,159.3344167,17.0311389
912,159.3777917,27.3364167
919,159.7154583,5.6700833
926,160.1361667,28.2611667
930,160.2834167,32.2674444
932,160.43475,40.0415278
934,160.5104583,15.7375278
940,160.5985417,28.0245833
942,160.6185833,55.18225
951,160.8945417,22.1508333
954,161.040125,6.3696389
956,161.0957083,30.7248611
960,161.2616667,43.7047222
963,161.3669583,14.27325
964,161.3767917,17.6196389
965,161.386,2.139
970,161.4575417,27.6197778
972,161.5335,20.0953333
975,161.6771667,25.9315556
980,161.77375,30.0531389
983,161.7948333,2.9970278
984,161.8289167,17.6118056
988,161.93525,22.1716667
990,162.02675,23.9540278
996,162.1950417,26.7700556
997,162.2205,48.0541111
1002,162.3535833,-0.4298889
1008,162.459375,1.2046111
1009,162.530375,36.3418333
1010,162.5452083,35.0336944
1015,162.6550833,59.0958333
1018,162.73975,9.2651944
1023,162.9030833,4.6510556
1025,162.9917917,3.7920556
1028,163.0420417,8.70125
1031,163.1696667,64.7955278
1032,163.2405417,1.8951111
1037,163.4437917,46.2189167
1038,163.6087083,0.6637222
1039,163.6117083,59.0368056
1040,163.6268333,16.0931667
1041,163.745375,28.0175278
1049,164.0387917,29.6705556
1052,164.192125,5.6611111
1053,164.19625,29.8716944
1054,164.2755,37.2427222
1055,164.2860833,14.9250833
1057,164.3798333,5.6987222
1061,164.4750417,19.5979167
1062,164.4782917,55.5813056
1063,164.48675,16.9095556
1068,164.5510833,7.5716944
1069,164.5919583,41.6373333
1077,164.9353333,10.071
1079,164.9584583,7.3433333
1081,164.9776667,10.09175
1082,165.0161667,17.4243611
1084,165.1500833,-0.0124444
1094,165.3870833,29.6356667
1097,165.5105,3.58025
1101,165.640125,24.0770556
1109,165.8975833,3.3374167
1111,165.910125,45.1799722
1113,165.9491667,16.7415833
1120,166.283875,38.1314444
1121,166.3134583,29.9783889
1123,166.34125,38.2338333
1125,166.366875,2.5621111
1127,166.4203333,29.1469722
1135,166.7782917,31.2765
1137,166.8257917,28.5277778
1138,166.8331667,2.8876667
1139,166.845125,4.7005556
1143,166.9689583,11.01175
1144,166.9779167,13.1056667
1145,166.9962917,7.4827222
1147,167.2133333,28.4756944
1148,167.3039167,31.5476111
1151,167.317,36.0210833
1153,167.4426667,0.8137222
1155,167.493125,37.1360278
1156,167.5092917,21.9821667
1159,167.585625,-0.1223056
1160,167.5889583,23.4149444
1161,167.6107083,28.6876111
1164,167.7083333,57.63625
1169,167.863125,56.5060833
1170,167.9077917,12.1219722
1177,168.0107917,-0.1748333
1178,168.04525,41.0376111
1180,168.0518333,27.4778333
1181,168.0539583,1.3946667
1182,168.0722917,56.5822222
1185,168.082375,28.5708333
1187,168.1026667,7.4948056
1192,168.2196667,27.4438333
1196,168.3615833,30.6075556
1200,168.4662917,10.5633889
1201,168.5667917,28.1630833
1210,168.8257917,27.4013889
1211,168.8280417,38.5076389
1213,168.841375,35.5020278
1218,169.0582917,55.7043333
1224,169.2549583,57.1256111
1225,169.2643333,36.1413056
1228,169.4525417,25.5727778
1229,169.4609167,26.6258056
1230,169.4912083,22.503
1235,169.5741667,28.2260556
1238,169.81925,20.8135556
1240,169.8749583,36.8121944
1243,169.9223333,36.11375
1245,169.9427917,27.7935556
1252,170.0694583,31.7282778
1256,170.2000417,34.4134444
1257,170.216875,31.4601389
1262,170.3550417,46.28925
1264,170.4382917,38.4525
1266,170.4932917,24.7867222
1270,170.678125,29.8802778
1277,170.97975,3.0987222
1278,171.0359583,-1.15775
1279,171.048125,34.0469444
1280,171.104375,57.3008889
1281,171.179125,24.0008611
1283,171.2185,2.4088056
1287,171.3488333,36.1353611
1289,171.3909167,34.2252222
1290,171.4429583,19.8743611
1291,171.4700417,18.5989722
1294,171.5458333,44.1527778
1295,171.5724583,34.8233333
1296,171.5780833,21.0962222
1300,171.708625,24.0813611
1303,171.822625,3.7559444
1307,171.9428333,26.9595833
1310,172.1044583,51.0283611
1312,172.1209167,35.2221944
1313,172.1431667,21.0107222
1317,172.2233333,48.5302222
1319,172.2494583,20.7391389
1320,172.2770417,8.9885833
1322,172.2973333,19.3963333
1324,172.435,5.8048889
1325,172.462875,18.7179444
1326,172.472125,50.1333889
1327,172.5536667,24.1696389
1330,172.6360833,49.1678056
1332,172.6675417,50.6179444
1335,172.77375,22.5196667
1348,173.3138333,23.6881389
1350,173.483125,67.0186389
1352,173.512375,51.1905
1361,173.8472917,34.6253889
1364,173.8665833,63.1196667
1369,174.0415417,10.0555833
1380,174.507625,18.3412778
1381,174.5193333,19.5505556
1382,174.5749167,-3.3543889
1383,174.6370833,23.9421667
1385,174.72325,52.7136111
1394,175.0309167,48.6242222
1398,175.1474583,36.6916111
1401,175.234875,25.7809167
1403,175.2566667,1.49325
1404,175.3372917,33.6947222
1405,175.431,21.1656389
1409,175.5697083,26.0277778
1426,176.0499583,23.10975
1428,176.0950417,8.3875278
1429,176.10475,7.4998611
1430,176.1074167,33.3550833
1432,176.127125,7.0604444
1434,176.1810417,64.5830833
1441,176.3327917,26.8739444
1442,176.349375,20.3254167
1444,176.3760833,9.7291111
1446,176.407625,62.2370833
1447,176.4277917,21.4398611
1450,176.508,55.4196389
1452,176.5127917,19.437
1454,176.5461667,37.1150556
1456,176.5820833,35.00375
1461,176.7834167,16.2488333
1469,176.9320417,1.8262222
1471,176.945,36.4376667
1474,176.968625,19.1553333
1476,177.0305417,37.4526389
1479,177.2081667,60.1953889
1487,177.3762083,21.0434722
1492,177.6355,55.058
1498,177.8443333,0.1173056
1505,178.1272083,20.6254722
1511,178.3159167,47.3355278
1526,178.7645,24.0125278
1529,178.8777083,-1.2614167
1538,179.2701667,52.8176667
1541,179.3612917,7.4609444
1544,179.47275,41.9371667
1550,179.6400833,-2.1356667
1552,179.6859583,28.2895
1557,179.8036667,-0.5238333
1558,179.8127917,34.5782222
1562,179.9632083,34.90575
1563,180.0132083,8.1817222
1564,180.0342917,42.4271944
1572,180.269625,56.3702222
1577,180.5956667,4.3298056
1579,180.7434583,56.7505
1581,180.7712083,5.1746944
1586,180.9349167,1.8359722
1591,181.136625,22.2748056
1592,181.1805,31.1772778
1593,181.1966667,-2.7200833
1594,181.2046667,14.4960278
1595,181.2199583,58.2190278
1599,181.3369167,2.5342778
1601,181.398125,22.3089722
1604,181.538,-2.9481389
1605,181.5504583,21.2261944
1612,181.7140833,20.8187222
1614,181.7697917,9.1133056
1616,181.7853333,32.9958889
1617,181.8195417,32.0756111
1618,181.8274583,16.8414444
1619,181.8565,29.1468611
1621,181.8859167,32.813
1625,182.0160417,0.3788056
1627,182.09975,11.1766111
1628,182.1075,22.4166389
1634,182.2828333,37.1109167
1635,182.3612917,40.8318333
1637,182.387125,17.0142778
1638,182.4154167,62.8550556
1640,182.49225,19.9187222
1651,182.760625,36.9983056
1655,182.8415417,19.0884444
1668,183.2010833,-2.7246111
1670,183.263875,21.0240833
1674,183.3969167,35.8001667
1677,183.5352083,19.3366389
1680,183.5870833,32.4496111
1682,183.6283333,26.9410833
1685,183.6598333,43.5361944
1687,183.848875,20.3538056
1690,183.920875,65.6593611
1694,183.9795417,23.5955556
1698,184.0774167,60.5005556
1702,184.161625,33.5608889
1706,184.2475,27.0961944
1714,184.5477917,28.5443889
1719,184.826375,30.3419722
1726,185.0415,8.6446389
1731,185.1805417,50.8575278
1735,185.2129167,8.3216389
1743,185.44,10.5956389
1745,185.4768333,31.6808611
1746,185.5292917,55.8191111
1754,185.8185417,57.4840278
1755,185.8794583,55.6565278
1758,186.0044167,36.1558889
1763,186.2041667,8.8002778
1765,186.2787917,60.5589722
1766,186.3093333,16.1203056
1770,186.345375,31.8265556
1772,186.3529583,52.5281111
1773,186.400875,45.0838611
1781,186.6249583,54.1792222
1784,186.6724583,30.2400556
1788,186.7478333,22.6395833
1790,186.7800833,51.8871667
1791,186.782125,-1.3541944
1796,186.9682083,9.0578889
1797,187.047375,59.5129444
1806,187.1799167,53.3576944
1812,187.386625,11.2155
1826,188.0892083,56.6564167
1835,188.4687083,38.4178056
1837,188.541875,20.2111667
1841,188.6814583,9.0047222
1842,188.6936667,39.5883056
1844,188.74725,50.8511111
1845,188.798625,59.0479167
1849,189.0004583,54.2209722
1850,189.0652083,47.8070278
1852,189.13075,23.4260556
1853,189.2247083,27.7491111
1855,189.3378333,28.2081667
1863,189.739625,43.5508889
1868,190.1459167,2.4681389
1874,190.381125,26.0426667
1876,190.394625,44.4914167
1882,190.4965833,-3.5834167
1890,190.9119583,44.0944444
1892,190.96825,29.7808611
1893,190.9709167,26.8633333
1895,191.0595,50.2316667
1898,191.167875,1.8486111
1903,191.3856667,35.1260278
1906,191.6118333,50.7920556
1908,191.6930833,9.8505556
1914,191.8304583,0.4048333
1929,192.2448333,40.5959167
1930,192.2687917,36.4890833
1938,192.617,27.4349167
1944,192.859,27.4212778
1948,193.0015,26.1591667
1950,193.0374583,27.4772778
1956,193.26225,32.107
1965,193.6373333,28.3767778
1967,193.6932917,35.4049722
1971,193.854375,27.7980278
1977,194.1160833,26.9873333
1982,194.227875,30.6764444
1983,194.27825,4.5916667
1985,194.2961667,8.73575
1988,194.4765417,27.4906389
1989,194.5099167,26.8595278
1992,194.5754583,12.3909444
1996,194.757625,26.8156667
2000,194.9673333,1.6403611
2003,195.0742083,27.3875278
2006,195.1385417,10.1299722
2007,195.17775,36.3455556
2008,195.1903333,14.6638056
2010,195.208,27.4058056
2013,195.2709167,9.7568056
2015,195.3069167,58.1122778
2017,195.3232917,27.8090833
2019,195.3994167,13.5662778
2022,195.547,4.2253056
2026,195.648875,41.3233611
2028,195.8064583,18.721
2029,195.8225,38.0469167
2030,195.8384583,14.3775
2032,195.9057917,40.2489722
2036,195.9783333,9.7551667
2037,195.9937083,14.9119167
2040,196.0322083,19.2106389
2041,196.046875,27.4904444
2042,196.049375,61.1947222
2047,196.1341667,7.8096944
2048,196.139375,7.9832222
2056,196.494625,25.4656944
2059,196.6395417,61.4555
2065,196.7625,13.0748333
2071,196.877,36.3779722
2073,196.9284167,24.8105833
2077,197.0798333,45.3617222
2082,197.2651667,-0.766
2085,197.31225,8.5317222
2086,197.3390417,4.4981389
2087,197.377625,62.1628333
2090,197.3951667,4.9505278
2091,197.4074167,59.2941389
2098,197.6270833,9.0227222
2106,197.8365833,57.81725
2110,197.9530833,10.6021944
2114,198.0574583,58.5375
2115,198.10775,28.5376944
2120,198.189125,46.935
2122,198.2468333,22.4265
2127,198.285875,1.1535278
2128,198.312375,53.2053611
2131,198.4757083,6.9608611
2132,198.4872083,13.80775
2135,198.6087083,50.9791667
2138,198.6938333,54.0873889
2140,198.757875,29.1803056
2141,198.78425,30.4037778
2145,198.895375,29.6760833
2148,199.0612083,41.4944722
2149,199.0665,30.2645278
2152,199.1157083,31.0315
2154,199.1746667,21.9797778
2157,199.3748333,20.6841944
2160,199.4525417,55.6943333
2163,199.5503333,34.4726111
2164,199.5841667,28.6188611
2170,199.8073333,-0.9878056
2171,199.8162083,54.60175
2174,199.8969583,31.6578056
2177,199.9544583,22.867
2181,200.10675,30.603
2185,200.2277083,-0.9411944
2190,200.342625,23.9437778
2192,200.3998333,15.3216389
2193,200.4415833,33.1828333
2199,200.657125,32.2443056
2200,200.697625,41.9408056
2207,200.8881667,40.2348333
2209,200.951875,43.3011944
2211,200.971875,51.43525
2213,201.0842083,32.8481111
2214,201.1059583,30.9592778
2218,201.2723333,-0.9031111
2222,201.3661667,7.6970278
2223,201.411625,32.5778056
2226,201.4883333,31.6182778
2227,201.4885833,24.8372778
2228,201.5175417,30.2233611
2236,201.7695417,41.95725
2243,201.9793333,5.2288056
2244,202.1389167,-2.2156111
2248,202.2339583,22.29275
2250,202.2634583,-0.0436111
2251,202.2823333,50.2663056
2256,202.3577083,11.9098611
2257,202.3707083,33.6643889
2258,202.372125,11.6247778
2261,202.401875,32.4007222
2263,202.426875,31.9870833
2264,202.428375,47.8847222
2271,202.6303333,12.5195278
2275,202.7031667,34.6402778
2276,202.7153333,-1.7786944
2278,202.7729583,34.6855
2286,203.0963333,33.0975278
2288,203.1281667,1.8476944
2294,203.246375,32.3204444
2296,203.2662917,17.5970833
2297,203.27225,-1.0358056
2300,203.334,51.4903333
2301,203.4192083,-2.7422778
2303,203.4577083,3.3158611
2308,203.5423333,13.1629444
2309,203.5780417,34.8631389
2315,203.8116667,25.04475
2320,203.8791667,66.1253056
2321,203.89725,54.3806944
2323,203.9266667,13.3309167
2326,203.9377083,27.8676111
2328,203.9561667,42.1665
2331,204.19275,34.6271111
2332,204.2269167,17.3999722
2333,204.2440417,0.2256944
2337,204.3524583,9.0235
2344,204.5620417,21.7867778
2350,204.6667917,61.7492222
2351,204.678625,45.3660278
2352,204.6838333,26.3285278
2359,204.917875,35.0233889
2365,205.0670417,5.0763056
2369,205.11325,4.7738333
2371,205.1311667,55.5953889
2375,205.1510833,30.3180278
2381,205.3262083,24.4961944
2390,205.685125,35.0629167
2393,205.7565417,17.88675
2397,206.0215833,41.1421111
2409,206.4759583,2.2506389
2417,206.67675,29.3664722
2420,206.743875,6.9358611
2422,206.7681667,11.1062778
2425,206.7885,3.6438611
2427,206.829,9.0263889
2428,206.8569583,22.5782778
2431,207.0280417,16.3833611
2432,207.0615833,24.77775
2433,207.0756667,18.3571389
2445,207.5524167,24.0994722
2447,207.6387917,16.1020278
2450,207.6820417,33.6326111
2454,207.7592917,-0.1542222
2458,207.8232083,21.542
2461,208.0348333,14.1162222
2462,208.048125,13.9999167
2463,208.061875,7.9227222
2469,208.2356667,2.8142778
2470,208.2403333,20.9170278
2477,208.5390417,60.6780556
2483,208.65125,12.5344444
2487,208.8995417,5.8846111
2489,208.9955833,13.8613611
2503,209.2222083,20.1426667
2505,209.307875,11.9975
2509,209.4559583,9.8733889
2514,209.5547083,17.5310833
2516,209.6051667,59.1487778
2519,209.6499583,11.7758056
2522,209.7482917,-2.6256111
2523,209.7615417,15.5656667
2524,209.77225,15.8323611
2525,209.7869583,28.0565833
2529,210.0062083,18.6179722
2535,210.13225,12.3045
2537,210.1703333,34.1471667
2541,210.2396667,49.7965833
2548,210.3864167,13.535
2552,210.4338333,9.8683889
2559,210.6677083,65.0102222
2569,210.903125,39.0528056
2571,211.0452917,33.3078056
2572,211.049625,12.7073889
2575,211.1260417,5.1081944
2576,211.1564167,10.9783333
2583,211.4020833,62.7506944
2584,211.429875,25.2313611
2587,211.4852917,9.0264167
2593,211.6796667,60.0466944
2596,211.9730417,14.89175
2601,212.0618333,44.0529722
2606,212.2331667,-3.3153889
2612,212.5605,11.4725556
2613,212.5617083,57.7756389
2615,212.6985417,35.9135
2620,213.070125,18.2994722
2625,213.14925,47.2530556
2630,213.3327917,8.8505833
2631,213.369,17.7563333
2646,214.0116667,54.888
2647,214.0235417,32.1309167
2649,214.0538333,26.1902778
2651,214.0950833,1.5911667
2666,214.5597917,7.33775
2668,214.6420833,37.0244167
2672,214.8125,7.0211389
2673,214.834125,8.9291667
2689,215.4757917,7.8825556
2698,215.7563333,33.6986944
2701,215.9925833,65.21675
2702,216.0248333,34.8921111
2703,216.03625,44.5619444
2704,216.0369583,26.6363056
2705,216.0505,35.1461111
2706,216.0568333,21.7294167
2709,216.1524583,4.5591667
2724,216.58275,16.7972778
2725,216.6569167,52.4926944
2727,216.8437083,3.5765
2730,216.9431667,6.5976944
2731,216.9617083,25.8380833
2736,217.1576667,13.4660556
2737,217.170125,11.3680278
2738,217.188625,28.96425
2758,217.7230833,11.2366389
2761,217.8524583,1.2343889
2763,217.9045417,28.1313889
2765,217.9315417,-1.9916389
2767,217.9862083,57.8120556
2769,218.0024583,52.7492778
2770,218.05225,45.9165278
2782,218.4514583,40.0941667
2788,218.5792083,3.6643889
2789,218.6146667,31.5520556
2791,218.6739583,47.9378056
2794,218.7676667,16.1147778
2797,218.8024583,13.7475278
2798,218.8315417,12.4724167
2804,219.0084167,2.8516111
2805,219.0107917,36.5031944
2810,219.063375,15.82275
2813,219.2209583,12.1612778
2815,219.2615,28.7740556
2817,219.3660833,25.7655556
2819,219.382125,15.9299167
2822,219.4389583,3.8070556
2823,219.48075,3.9845278
2824,219.5090833,10.1623611
2829,219.6445833,17.7814722
2831,219.6595,52.5811389
2837,219.7612083,36.4124167
2843,219.8822083,9.2349722
2846,219.9077083,3.1466667
2857,220.173625,13.4801944
2862,220.5832083,19.1918333
2867,220.63875,54.0489722
2868,220.639875,61.1773056
2877,221.05075,7.9496389
2878,221.0614167,4.2185556
2880,221.1218333,4.74475
2885,221.4907917,17.6412778
2888,221.5490417,10.3944722
2889,221.588125,23.9188889
2890,221.596875,38.0339722
2896,221.8064167,13.39975
2898,221.8351667,30.5501389
2899,221.836625,-2.9204167
2901,221.970375,16.8395833
2906,222.2033333,17.38725
2907,222.2101667,57.7708611
2908,222.2344167,22.1419444
2914,222.369625,3.8021667
2916,222.4071667,18.6998611
2920,222.550625,55.1194167
2924,222.6199167,9.7972222
2926,222.6773333,-0.8758056
2928,222.7289583,4.9489167
2932,222.9535833,19.9542778
2934,222.9774167,5.3261944
2936,223.0398333,55.8994444
2937,223.061875,1.9236389
2939,223.089125,50.3593056
2940,223.1229583,16.4665556
2942,223.1317917,11.0583611
2943,223.1339583,17.0628056
2944,223.1420417,3.4093056
2946,223.2075833,60.3435556
2953,223.3557917,33.2833611
2959,223.4480833,24.4944722
2962,223.592625,27.7013333
2964,223.6317917,24.0272778
2970,223.6855833,37.4127222
2971,223.7025833,0.6413333
2974,223.7591667,17.5950278
2975,223.783875,-1.0480556
2976,223.8149167,42.5068611
2977,223.8203333,6.4397778
2983,223.9734583,49.7260833
2985,224.0574167,6.6601389
2992,224.3992083,8.2852778
3000,224.5178333,11.5612222
3001,224.5283333,2.4384444
3005,224.8878333,16.6685833
3013,225.2015417,0.1764444
3017,225.3082917,8.7022778
3021,225.4435417,23.3790556
3026,225.6987917,38.0422222
3034,225.880375,46.4369722
3041,226.0985,49.3698333
3043,226.1675833,0.6045
3045,226.198,35.3666111
3047,226.297625,-2.1419444
3049,226.3520417,12.2348611
3050,226.366375,14.4279722
3051,226.4324583,56.3924722
3052,226.4741667,-1.7307222
3053,226.50525,14.4971667
3056,226.5642083,5.8203333
3057,226.564875,10.3404167
3058,226.585875,9.6492778
3061,226.6386667,20.4285556
3063,226.7108333,7.9158056
3067,226.8459167,16.3768333
3071,226.9005,9.3582222
3078,227.0995417,20.5154722
3088,227.3815,54.5065
3091,227.464,1.7789722
3094,227.54975,-2.2485
3103,227.8087083,37.0438056
3105,227.8394583,11.3920278
3107,227.8912917,17.3153056
3110,227.9887917,7.5185833
3116,228.114625,20.6518056
3120,228.1820833,1.4648611
3124,228.2599167,7.2929444
3137,228.385125,7.2282222
3139,228.4008333,8.08575
3141,228.5169167,19.9805833
3142,228.5325833,7.0052778
3143,228.5373333,4.7144167
3164,229.1949583,8.9389444
3168,229.3091667,40.9454167
3171,229.3444167,5.5006389
3176,229.464875,-0.7932222
3181,229.609375,5.2192222
3183,229.6754583,4.2805278
3189,229.8319167,6.1885556
3190,229.855625,25.7871111
3192,229.8711667,47.2549167
3206,230.189125,1.98725
3209,230.236625,54.6749722
3213,230.3485833,28.5609167
3225,230.598,32.9830556
3228,230.6993333,8.7186111
3229,230.7323333,14.9991111
3231,230.7493333,8.7553889
3233,230.8749583,20.4425556
3236,231.0645833,19.88775
3244,231.4435,48.4911667
3257,231.8124583,0.3635833
3261,231.9590833,17.0256111
3263,232.0491667,2.5300833
3267,232.197,25.7478056
3268,232.2289583,7.7452778
3272,232.3860833,3.0531389
3274,232.4127917,2.7530556
3277,232.4375833,42.9186667
3281,232.6220833,43.9419167
3291,232.9119583,35.2804722
3300,233.1582083,5.7679444
3303,233.292625,54.2289167
3307,233.3425833,10.5891389
3308,233.4489167,5.2913889
3309,233.4655417,11.0107222
3311,233.5441667,7.0937222
3316,233.6350417,21.2981389
3317,233.636375,54.9932778
3323,233.7753333,35.3428889
3327,234.0804167,49.5745278
3328,234.1157083,22.5005
3329,234.1355417,25.1379444
3335,234.6604167,36.9583611
3338,234.8505833,48.1437222
3341,235.023875,1.9336389
3345,235.093125,7.2832222
3346,235.139375,17.1279722
3348,235.293875,21.7616111
3351,235.4415417,48.5483056
3355,235.581875,23.8076389
3356,235.6429167,2.0143611
3366,236.05775,18.8115556
3367,236.0612917,22.2091944
3370,236.1764583,11.4922778
3372,236.2377083,42.3309167
3375,236.4388333,35.6599444
3381,236.6002083,43.2876667
3384,236.7263333,44.8349722
3390,237.0113333,25.4393333
3395,237.29825,21.6846944
3398,237.4455833,12.3993333
3399,237.526625,25.0548333
3404,237.7557083,23.0157778
3409,238.023625,20.1452222
3410,238.0499583,34.0415278
3411,238.0691667,33.9415833
3421,238.4394167,41.3903611
3434,239.1095833,26.4638333
3444,239.5077083,14.9635556
3448,239.668125,17.06225
3450,239.6820833,26.8181389
3452,239.7590833,46.179
3455,239.8443333,2.7612778
3456,239.9185833,11.9750556
3459,240.044125,4.8905833
3462,240.1785,48.5579722
3463,240.2179583,17.5457778
3466,240.3535833,43.0836389
3468,240.3706667,19.3598889
3469,240.3752917,16.7556389
3470,240.470875,45.3519444
3471,240.49275,36.7020556
3472,240.55425,16.4262222
3473,240.55525,15.9375278
3477,240.694625,51.87325
3483,240.88175,49.3381667
3488,240.9885,16.3619167
3489,240.9915833,16.0005833
3491,241.0039167,25.9554167
3494,241.0956667,17.8781944
3498,241.2413333,14.1375833
3500,241.2690833,16.5455833
3502,241.3234167,23.7556667
3504,241.3736667,17.68075
3512,241.5577917,16.3229444
3513,241.5617917,18.1828889
3514,241.664125,27.8546111
3515,241.7995417,48.5725556
3518,241.8719583,13.8466944
3519,241.9497083,39.1947778
3532,242.541375,35.0944722
3534,242.5705833,29.1257778
3537,242.6825833,41.1485556
3539,242.736875,35.9863056
3546,242.8987083,24.0766111
3547,242.9865,16.7780278
3549,243.0469167,29.5741111
3550,243.0494583,6.1866944
3553,243.0984583,35.1749722
3554,243.1550417,39.4190278
3556,243.225375,11.1230833
3564,243.6945833,26.5588333
3569,243.7941667,11.2786389
3579,244.2160417,33.6644167
3580,244.2887917,34.8788889
3586,244.4514583,11.6841667
3590,244.5307083,21.0664444
3594,244.6576667,42.1406389
3598,244.7076667,22.4553333
3601,244.8430833,35.5750833
3602,244.9230417,36.08825
3610,245.3387083,40.31
3612,245.436125,40.2046667
3613,245.454375,47.0521111
3621,245.69425,39.5845833
3622,245.7000417,38.0343056
3626,245.9132917,50.9695833
3628,245.9928333,21.8205
3636,246.2022083,37.5176111
3637,246.2410417,50.3035833
3640,246.377,49.84025
3642,246.411125,40.0988333
3643,246.42475,37.5165833
3650,246.5339167,47.9206111
3657,246.653125,38.7781667
3658,246.6854583,14.38075
3659,246.8327917,21.6508611
3660,246.8693333,38.8691111
3664,246.9212083,40.2154444
3666,246.995625,39.3029167
3668,247.0481667,39.8219167
3669,247.0898333,40.9068056
3670,247.1040833,41.1684722
3671,247.1554167,39.6989167
3672,247.1850833,39.4738333
3675,247.2606667,20.0503611
3676,247.282625,40.6650278
3677,247.3040833,41.1508889
3678,247.3332917,39.429
3679,247.3814167,40.4128333
3684,247.4561667,40.2207778
3689,247.893875,40.5656111
3690,248.092875,25.9268889
3694,248.2899583,34.9263333
3698,248.5074583,41.3479167
3701,248.723625,23.2118611
3705,248.9146667,42.4612778
3715,249.2339583,44.3790278
3716,249.2515833,36.4534167
3720,249.4323333,25.2541389
3721,249.4465833,36.115
3722,249.4960833,20.1247778
3730,250.0269583,37.1913333
3738,250.46,37.7347778
3757,251.2450833,51.3080833
3762,251.3681667,19.6643611
3765,251.4585,43.8665
3766,251.4802083,24.3172222
3767,251.496625,35.4588889
3770,251.94675,38.6575556
3772,252.06275,25.2564722
3777,252.2329167,39.9103333
3778,252.2441667,40.0114167
3779,252.3065417,23.07775
3782,252.4986667,27.07475
3794,253.0461667,23.7444444
3795,253.0479583,22.7565278
3797,253.1095417,23.3325833
3805,253.4795417,24.8921944
3806,253.4844167,19.46775
3807,253.735375,23.7336111
3812,254.1825833,62.4729167
3815,254.3614583,40.7356389
3817,254.4465417,18.5402778
3818,254.4507083,27.4168889
3819,254.807625,33.1046944
3823,255.0954583,39.1559444
3833,255.5132917,25.4164167
3838,255.950625,31.18725
3845,256.3849583,24.4991389
3846,256.4620833,32.9753611
3851,256.8314167,31.4386944
3855,256.999,35.1419167
3862,257.5823333,56.7572778
3876,258.2893333,31.5820278
3894,259.6467083,56.0571389
3898,259.9827917,60.14925
3908,261.105125,53.5179167
3909,261.1284167,56.9097222
3914,261.4450417,59.6153611
3916,261.8085833,58.36525
3918,261.8412083,59.6438056
3925,262.4860833,58.3973889
3933,264.5388333,58.7149167
